{"cameraMode":{"drawMode":0,"name":"Shaded","section":"Shading Mode"},"sceneLighting":true,"audioPlay":false,"sceneViewState":{"m_AlwaysRefresh":false,"showFog":true,"showSkybox":true,"showFlares":true,"showImageEffects":true,"showParticleSystems":true,"showVisualEffectGraphs":true,"m_FxEnabled":true},"in2DMode":false,"pivot":{"x":341.0257263183594,"y":502.926513671875,"z":-168.1329345703125},"rotation":{"x":0.11967535316944123,"y":0.024716656655073167,"z":-0.002980196848511696,"w":0.9925034642219544},"size":391.6601257324219,"orthographic":false}