{"cameraMode":{"drawMode":0,"name":"Shaded","section":"Shading Mode"},"sceneLighting":true,"audioPlay":false,"sceneViewState":{"m_AlwaysRefresh":false,"showFog":true,"showSkybox":true,"showFlares":true,"showImageEffects":true,"showParticleSystems":true,"showVisualEffectGraphs":true,"m_FxEnabled":true},"in2DMode":false,"pivot":{"x":3.6888933181762697,"y":-0.14232033491134644,"z":3.7620983123779299},"rotation":{"x":-0.19342142343521119,"y":-0.05853734910488129,"z":0.011561739258468151,"w":-0.9793003797531128},"size":2.3128297328948976,"orthographic":false}